11_その他,ミオくん産声.mp3
11_その他,聞こえてますか.mp3
11_その他,聞こえてるよ.mp3
1_あいさつ,ありがとうございます.mp3
11_その他,配信遅刻しちゃってごめんね.mp3
11_その他,もうよくわかんないから.mp3
11_その他,女と一緒かなと思って.mp3
11_その他,殴ったら直ったから.mp3
11_その他,無事配信できました.mp3
2_使いやすい,よかった.mp3
2_使いやすい,りょ～か～い.mp3
11_その他,ちょっとよくわかんないけど.mp3
11_その他,間違ってたら.mp3
11_その他,ごめんね.mp3
11_その他,名前呼ばれるとなんか.mp3
11_その他,どきっとするね.mp3
1_あいさつ,初配信のあいさつ.mp3
1_あいさつ,よろしくお願いします.mp3
11_その他,いやっあのー…友達だから.mp3
11_その他,友達友達.mp3
11_その他,ほんとに友達だよ！.mp3
11_その他,スマホ見る？.mp3
11_その他,彼女なんていないよ.mp3
11_その他,いいよ、パスワードも教えてあげる.mp3
11_その他,好きなものはチョコケーキが好き.mp3
11_その他,子供っぽい、かな.mp3
11_その他,相性がいいんじゃない？俺たち.mp3
11_その他,いっしょ？うれし.mp3
11_その他,仲良くなってくれる？.mp3
11_その他,なれるかな、俺たち.mp3
11_その他,ありがとうございます2.mp3
11_その他,ざろくさん.mp3
11_その他,えらいじゃん.mp3
11_その他,すごいね.mp3
11_その他,もっと教えてそういうの.mp3
11_その他,「初見です」いらっしゃい.mp3
11_その他,おれの物ということで.mp3
11_その他,気を許した人にしか、触られたくないから.mp3
11_その他,女？聞き間違えじゃない？.mp3
1_あいさつ,もしかっこいいと思ってくれたらチャンネル登録お願いします.mp3
1_あいさつ,今日から推してください、ミオのこと.mp3
11_その他,君たちが喜んでくれるなら、考えるかな.mp3
11_その他,練習しとくね、君のために.mp3
1_あいさつ,お茶爆ありがとう.mp3
11_その他,考えとくね、一番喜んでくれそうなこと.mp3
11_その他,おはよう1.mp3
11_その他,おはよう2.mp3
11_その他,おやすみ1.mp3
11_その他,おやすみ2.mp3
11_その他,これじゃだめなの.mp3
11_その他,配信に来てくれたら、いいんじゃない？それって.mp3
11_その他,おはようとかおやすみとか、俺に言わせて.mp3
11_その他,恥ずかしいじゃん.mp3
11_その他,まぁまぁ、考えとくわ笑.mp3
11_その他,おれとデートするならどこ行きたいの.mp3
11_その他,横にいたい？もういるでしょ.mp3
11_その他,君の好きなやつがいいな.mp3
11_その他,好きな子が好きなやつをみて喜んでるところがみたいかも.mp3
11_その他,いっしょに行こうよ.mp3
11_その他,おれの寝顔撮ってるでしょ.mp3
11_その他,別にいいけど.mp3
11_その他,素直な子が好きだな.mp3
11_その他,無理しないでね.mp3
1_あいさつ,せんきゅ～↑.mp3
1_あいさつ,すーぱーちゃっとせんきゅ～↑.mp3
11_その他,ざろく.mp3
11_その他,「うどんとそばどっちが好きですか？」.mp3
11_その他,きみのそばが好き、かな.mp3
